original_path,new_filename,code,name
ICEBERG WHITE - FWI-04-101.pdf,UNKNOWNCODE UNKNOWN.pdf,UNKNOWNCODE,UNKNOWN
IVORY WHITE - FWI-04-102.pdf,UNKNOWNCODE UNKNOWN.pdf,UNKNOWNCODE,UNKNOWN
CREAM - FWI-04-103.pdf,FWI-04-101 ICEBERG WHITE.pdf,FWI-04-101,ICEBERG WHITE
WHEAT - FWI-04-106.pdf,FWI-04-102 IVORY WHITE.pdf,FWI-04-102,IVORY WHITE
TWILIGHT GRAY - FWI-04-104.pdf,UNKNOWNCODE CREAM.pdf,UNKNOWNCODE,CREAM
EARTH BROWN - FWI-04-105.pdf,UNKNOWNCODE WHEAT.pdf,UNKNOWNCODE,WHEAT
WHEAT MATT - FWI-10-106.pdf,FWI-04-104 TWILIGHT GRAY.pdf,FWI-04-104,TWILIGHT GRAY
PURE GRAY - FWI-04-107.pdf,FWI-04-105 EARTH BROWN.pdf,FWI-04-105,EARTH BROWN
FANTASY BLUE - FWI-04-108.pdf,FWI-10-106 MADE IN UAE.pdf,FWI-10-106,MADE IN UAE
OLIVE GREEN - FWI-04-109.pdf,FWI-04-107 PURE GRAY.pdf,FWI-04-107,PURE GRAY
SPACE GRAY - FWI-04-110.pdf,FWI-04-108 FANTASY BLUE.pdf,FWI-04-108,FANTASY BLUE
COFFEE LATTE - FWI-04-111.pdf,FWI-04-109 OLIVE GREEN.pdf,FWI-04-109,OLIVE GREEN
ACACIA GRAY - FWI-04-113.pdf,FWI-04-110 SPACE GRAY.pdf,FWI-04-110,SPACE GRAY
MILAN GRAY - FWI-04-114.pdf,FWI-04-111 COFFEE LATTE.pdf,FWI-04-111,COFFEE LATTE
IVORY GRAY - FWI-04-115.pdf,FWI-04-113 ACACIA GRAY.pdf,FWI-04-113,ACACIA GRAY
CARDAMOM GREEN - FWI-04-116.pdf,FWI-04-114 MILAN GRAY.pdf,FWI-04-114,MILAN GRAY
PUMPKIN RED - FWI-04-117.pdf,FWI-04-115 IVORY GRAY.pdf,FWI-04-115,IVORY GRAY
CARMINE RED - FWI-04-118.pdf,FWI-04-116 CARDAMOM GREEN.pdf,FWI-04-116,CARDAMOM GREEN
PINE GRAY - FWI-04-119.pdf,FWI-04-117 PUMPKIN RED.pdf,FWI-04-117,PUMPKIN RED
GENTLEMAN GRAY - FWI-04-120.pdf,FWI-04-118 CARMINE RED.pdf,FWI-04-118,CARMINE RED
SAPPHIRE BLUE - FWI-04-121.pdf,FWI-04-119 PINE GRAY.pdf,FWI-04-119,PINE GRAY
WISDOM BLACK - FWI-04-122.pdf,FWI-04-120 GENTLEMAN GRAY.pdf,FWI-04-120,GENTLEMAN GRAY
LIGHT GRAY - FWI-04-123.pdf,FWI-04-121 SAPPHIRE BLUE.pdf,FWI-04-121,SAPPHIRE BLUE
BARBIE PINK - FWI-04-124.pdf,FWI-04-122 WISDOM BLACK.pdf,FWI-04-122,WISDOM BLACK
MORNING BLUE - FWI-04-125.pdf,FWI-04-123 LIGHT GRAY.pdf,FWI-04-123,LIGHT GRAY
PEPPER ASH - FWI-04-126.pdf,FWI-04-124 BARBIE PINK.pdf,FWI-04-124,BARBIE PINK
MODERN GRAY - FWI-04-127.pdf,FWI-04-125 MORNING BLUE.pdf,FWI-04-125,MORNING BLUE
CRYSTAL GRAY - FWI-04-130.pdf,FWI-04-126 PEPPER ASH.pdf,FWI-04-126,PEPPER ASH
JADE GREEN - FWI-04-131.pdf,FWI-04-127 MODERN GRAY.pdf,FWI-04-127,MODERN GRAY
DESERT GRAY - FWI-04-132.pdf,FWI-04-130 CRYSTAL GRAY.pdf,FWI-04-130,CRYSTAL GRAY
SILK WHITE - FWI-04-137.pdf,FWI-04-131 JADE GREEN.pdf,FWI-04-131,JADE GREEN
ALMOND YELLOW - FWI-04-138.pdf,FWI-04-132 DESERT GRAY.pdf,FWI-04-132,DESERT GRAY
CREAM MATT - FWI-10-103.pdf,FWI-04-137 SILK WHITE.pdf,FWI-04-137,SILK WHITE
TWILIGHT GRAY MATT - FWI-10-104.pdf,FWI-04-138 ALMOND YELLOW.pdf,FWI-04-138,ALMOND YELLOW
EARTH BROWN MATT - FWI-10-105.pdf,FWI-10-103 MADE IN UAE.pdf,FWI-10-103,MADE IN UAE
CARDAMOM GREEN MATT - FWI-10-116.pdf,FWI-10-104 MADE IN UAE.pdf,FWI-10-104,MADE IN UAE
TECH GRAY MATT - FWI-10-139.pdf,FWI-10-105 MADE IN UAE.pdf,FWI-10-105,MADE IN UAE
GRAPHITE GRAY MATT - FWI-10-140.pdf,FWI-10-116 MADE IN UAE.pdf,FWI-10-116,MADE IN UAE
ROMANCE RED MATT - FWI-10-141.pdf,FWI-10-139 MADE IN UAE.pdf,FWI-10-139,MADE IN UAE
BRONZE GOLD MATT - FWI-10-142.pdf,FWI-10-140 MADE IN UAE.pdf,FWI-10-140,MADE IN UAE
EMERALD MATT - FWI-10-143.pdf,FWI-10-141 MADE IN UAE.pdf,FWI-10-141,MADE IN UAE
TWILIGHT GRAY MATT - FWI-08-104.pdf,FWI-10-142 MADE IN UAE.pdf,FWI-10-142,MADE IN UAE
PURE GRAY MATT - FWI-08-107.pdf,FWI-10-143 MADE IN UAE.pdf,FWI-10-143,MADE IN UAE
MILAN GRAY MATT - FWI-08-114.pdf,FWI-08-104 MADE IN UAE.pdf,FWI-08-104,MADE IN UAE
IVORY GRAY MATT - FWI-08-115.pdf,FWI-08-107 MADE IN UAE.pdf,FWI-08-107,MADE IN UAE
CARDAMOM GREEN MATT - FWI-08-116.pdf,FWI-08-114 MADE IN UAE.pdf,FWI-08-114,MADE IN UAE
PINE GRAY MATT - FWI-08-119.pdf,FWI-08-115 MADE IN UAE.pdf,FWI-08-115,MADE IN UAE
Page_48.pdf,FWI-08-116 MADE IN UAE.pdf,FWI-08-116,MADE IN UAE
Page_49.pdf,FWI-08-119 MADE IN UAE.pdf,FWI-08-119,MADE IN UAE
Page_50.pdf,UNKNOWNCODE NO.pdf,UNKNOWNCODE,NO
Page_51.pdf,UNKNOWNCODE MADE IN UAE.pdf,UNKNOWNCODE,MADE IN UAE
